{"_via_settings":{"ui":{"annotation_editor_height":25,"annotation_editor_fontsize":0.8,"leftsidebar_width":18,"image_grid":{"img_height":80,"rshape_fill":"none","rshape_fill_opacity":0.3,"rshape_stroke":"yellow","rshape_stroke_width":2,"show_region_shape":true,"show_image_policy":"all"},"image":{"region_label":"__via_region_id__","region_color":"__via_default_region_color__","region_label_font":"10px Sans","on_image_annotation_editor_placement":"NEAR_REGION"}},"core":{"buffer_size":"18","filepath":{},"default_filepath":"/home/nuronics2/Desktop/buildings/train"},"project":{"name":"via_project_30Aug2021_12h10m"}},"_via_img_metadata":{"village4.jpeg924564":{"filename":"village4.jpeg","size":924564,"regions":[{"shape_attributes":{"name":"polygon","all_points_x":[691,699,813,781,765,892,920,893,899,1002,1026,1009,935,952,955,900,915,914,823,691,688,661,674,693],"all_points_y":[726,559,504,413,308,298,405,482,507,564,716,763,1076,706,791,1151,1384,1494,1486,930,934,771,724,609]},"region_attributes":{"class":{"window":true}}},{"shape_attributes":{"name":"polygon","all_points_x":[1332,1332,1250,1308,1800,1784,2041,2040,1958,1931,1928],"all_points_y":[796,1031,1073,1128,1111,1257,1324,1175,1056,957,947]},"region_attributes":{"class":{"window":true}}},{"shape_attributes":{"name":"polygon","all_points_x":[1603,1178,1183,1325,1411,1600,1722,2045,2046,1405,2041,2046,1978,1921],"all_points_y":[293,689,899,883,703,294,261,335,671,708,673,1089,1086,944]},"region_attributes":{"class":{"window":true}}}],"file_attributes":{}},"village3.jpeg31080":{"filename":"village3.jpeg","size":31080,"regions":[{"shape_attributes":{"name":"polygon","all_points_x":[360,357,385,423,438,377],"all_points_y":[196,196,192,201,230,241]},"region_attributes":{"class":{"window":false,"building":true}}},{"shape_attributes":{"name":"polygon","all_points_x":[321,275,329,341,333,307,246,279],"all_points_y":[229,228,231,241,269,269,270,224]},"region_attributes":{"class":{"window":false,"building":true}}},{"shape_attributes":{"name":"polygon","all_points_x":[216,193,189,213,232,232],"all_points_y":[215,217,183,180,197,207]},"region_attributes":{"class":{"window":false,"building":true}}},{"shape_attributes":{"name":"polygon","all_points_x":[159,127,98,110,155],"all_points_y":[207,194,209,247,240]},"region_attributes":{"class":{"window":false,"building":true}}},{"shape_attributes":{"name":"polygon","all_points_x":[102,67,66,97,61,96],"all_points_y":[179,182,157,151,158,158]},"region_attributes":{"class":{"window":false,"building":true}}}],"file_attributes":{}},"village2.jpeg35541":{"filename":"village2.jpeg","size":35541,"regions":[],"file_attributes":{}},"village1.jpeg54303":{"filename":"village1.jpeg","size":54303,"regions":[{"shape_attributes":{"name":"polygon","all_points_x":[74,145,235,304,370,479,511,552,594,641,668,665,665,531,72],"all_points_y":[189,212,150,143,198,144,143,122,125,112,127,342,346,314,190]},"region_attributes":{"class":{"window":true}}},{"shape_attributes":{"name":"polygon","all_points_x":[213,452,607,666,656,557,533,532,607,548,323,246,331,409,407,441,450,458,457,405,318,287,210,125,149,196,203,142,144,127,153,198,155,208,258,324,316,255,262,239,158,240,259,277,292,292,317,214,214],"all_points_y":[580,546,598,578,533,511,497,465,401,386,381,462,556,544,506,541,541,495,459,438,440,484,581,376,349,351,427,424,422,377,350,351,314,259,302,298,327,327,304,315,313,316,328,362,360,328,328,579,584]},"region_attributes":{"class":{"window":true}}}],"file_attributes":{}},"village5.jpeg573783":{"filename":"village5.jpeg","size":573783,"regions":[{"shape_attributes":{"name":"polygon","all_points_x":[296,1336,1389,1978,2136,2120,2433,2824,3022,3028,1870,856,573,458,214,247],"all_points_y":[1215,1340,1261,1327,1521,1742,1715,1534,1580,2927,2489,2532,2413,2765,2709,2054]},"region_attributes":{"class":{"window":false,"building":true}}},{"shape_attributes":{"name":"polygon","all_points_x":[2222,2373,2360,2222],"all_points_y":[1955,1886,2551,2525]},"region_attributes":{"class":{"window":false,"building":true}}},{"shape_attributes":{"name":"polygon","all_points_x":[843,843,1122,1099,859],"all_points_y":[2028,2103,2113,1843,1863]},"region_attributes":{"class":{"window":false,"building":true}}}],"file_attributes":{}}},"_via_attributes":{"region":{"class":{"type":"checkbox","description":"","options":{"building":"","window":""},"default_options":{"window":false,"building":true}}},"file":{}},"_via_data_format_version":"2.0.10","_via_image_id_list":["village4.jpeg924564","village3.jpeg31080","village2.jpeg35541","village1.jpeg54303","village5.jpeg573783"]}